event_id,station_network,local_claims_filed
us6000tiqz,SCEDC-01,13
aka2026qgwerx,SCEDC-01,7
aka2026qsiroo,PNSN-07,12
usw8vl34li,PNSN-07,0
aka2026qgbqir,CEA-12,5
usd0015ea6,CEA-12,
aka2026ppsolw,SCEDC-01,6
us6000tl71,CEA-12,8
us6000tlwc,PNSN-07,2
us6000tn65,SCEDC-01,10
nc75415817, PNSN-07	,14
us6000tn0t,PNSN-07,N/A
uw4hez5edjj,CEA-12,3
usd0015ea9, PNSN-07	,3
cix9j1ictx, PNSN-07	,11
us6000thsp,USGS-WEST,12
aka2026qhxvyy, PNSN-07	,null
aka2026qdwywz,SCEDC-01,4
us6000tmpd,SCEDC-01,1
us6000thki,USGS-WEST,0
us6000tj65,USGS-WEST,null
us6000tjmt,USGS-WEST,8
us6000tjnc,PNSN-07,0
aka2026pmbled,USGS-WEST,8
us6000tluh, PNSN-07	,2
us6000tlm8,CEA-12,13
us6000tl0v, PNSN-07	,11
us6000tkxc, PNSN-07	, 5 
nc7t3bd4z1g5,SCEDC-01,4
us6000tjvb, PNSN-07	,0
us6000tn77,CEA-12,1
us6000tjyg,SCEDC-01,1
aka2026qqpiix,CEA-12,8
us6000tn63,SCEDC-01,12
us6000tl3c,PNSN-07,0
aka2026ppelkz,SCEDC-01,14
us6000tm81,SCEDC-01,11
aka2026qhibyg,USGS-WEST,2
nn2k42qpr75p,SCEDC-01,1
us6000tj7a, PNSN-07	,6
us6000tm8j,CEA-12,6
aka2026plddkq,SCEDC-01,0
us6000tjde,PNSN-07,15
us6000tkhm,CEA-12,0
aka2026pfzbrd, PNSN-07	,9
us6000tmer,USGS-WEST,13
us6000tk6z,USGS-WEST,14
us6000tlqq,SCEDC-01,9
us6000tmbv, PNSN-07	,12
us6000tlu5,PNSN-07,11
us6000tm2t, PNSN-07	,9
us6000tjhi,PNSN-07,null
nn0v3z0gu1,USGS-WEST,8
us6000tk3b,USGS-WEST,N/A
us6000tj1w,PNSN-07,12
aka2026pomvef,CEA-12,0
hv75013362,USGS-WEST,8
us6000tj16,SCEDC-01,12
aka2026pbqmpx, PNSN-07	,6
pr71528688,CEA-12,15
us6000tian,USGS-WEST,9
us6000tm61, PNSN-07	,5
nns9im0yltz9,SCEDC-01,4
usd0015ee2, PNSN-07	,5
tx2026pedtmg,USGS-WEST,2
ak2ns5mhie2,CEA-12,9
us6000ti7p,USGS-WEST,11
usd0015eb0,USGS-WEST,14
aka2026qblgxp,SCEDC-01,1
aka2026piwirv, PNSN-07	,2
us6000tlta,CEA-12,3
us6000thg5,SCEDC-01,9
us6000tmw4,CEA-12,4
aka2026proixx,USGS-WEST,13
akyr0qf4b8d,SCEDC-01,4
aka2026ppdqpd,CEA-12,2
pr71527283,CEA-12,10
pr71528143,PNSN-07,14
aka2026poxobc,CEA-12,5
uwy0pkuumk5,PNSN-07,4
us6000tmny,SCEDC-01,12
hv75017881,SCEDC-01, 12 
us6000tmt7,CEA-12,11
aka2026qiyeoy,USGS-WEST,
us6000tl31,CEA-12,7
nc75416622,USGS-WEST,0
us6000tl44, PNSN-07	,9
us6000tlun,PNSN-07,9
aka2026qpxgev,SCEDC-01,10
uwvzk3i8bzb,CEA-12,10
us6000tlzp,SCEDC-01,11
aka2026qgsene,CEA-12,N/A
us6000ti6d,CEA-12,6
aka2026pvailr, PNSN-07	,
us6000tlqv,SCEDC-01,8
us6000tkqj, PNSN-07	,1
pr71528693,PNSN-07,3
aka2026qbhztk,PNSN-07,1
us6000ti6l,SCEDC-01,14
nck2919ahej, PNSN-07	,8
us6000they,CEA-12,6
us6000tjas,PNSN-07,9
us6000tivl,PNSN-07,8
us6000tmy7,CEA-12,13
us6000tn83,PNSN-07,3
us6000tmb4,PNSN-07,15
us6000tjaf,CEA-12,8
us6000tme3,CEA-12,11
us6000tjgl,USGS-WEST,0
aka2026pquynx,CEA-12,15
pr71527073,PNSN-07,0
us6000tjne,PNSN-07,
aka2026pikgdz, PNSN-07	,2
us6000tizi,PNSN-07,8
us6000thgx,SCEDC-01,9
aka2026pponqh,PNSN-07,3
uwom3wtoobm,PNSN-07,9
aka2026qjicgs,USGS-WEST,13
us6000tms8,PNSN-07,N/A
tx2026qkpsfm,CEA-12,10
us6000tl0y,SCEDC-01,8
us6000tkaw,PNSN-07,11
mb90205033,CEA-12,3
us6000tiar,SCEDC-01,8
aka2026qbwzhu,SCEDC-01,13
us6000tm1j,CEA-12,
us6000ti9w,CEA-12,3
aka2026plphnx, PNSN-07	,15
nn00922992,SCEDC-01,5
hv75017036,USGS-WEST,0
us6000tn0j,CEA-12,15
pr2026227002,PNSN-07,13
aka2026ppooib,PNSN-07,8
us6000tl2c,PNSN-07,7
aka2026pjfejr,USGS-WEST,3
aka2026pmhiwx,CEA-12,15
us6000tjja,SCEDC-01,4
us6000tjnn, PNSN-07	,N/A
us6000tmr2, PNSN-07	,15
aka2026qhcyts,CEA-12,2
pr71528643,USGS-WEST,7
nnvuht6t0u,USGS-WEST,1
aka2026pkifsu, PNSN-07	,12
us6000tjgs,CEA-12,2
us6000tkeb, PNSN-07	,0
us6000tj62,SCEDC-01,0
aka2026ppynvf,PNSN-07,3
aka2026pxbhdx,PNSN-07,0
us6000tknn, PNSN-07	,9
aka2026qicfyg, PNSN-07	,6
hv75018627,SCEDC-01,10
pr2026230000,PNSN-07,7
pr71528753,USGS-WEST,15
nc75413432,USGS-WEST,N/A
uwss3eoqm1,PNSN-07,10
us6000tmdx,USGS-WEST,11
us6000tjpb,PNSN-07,5
us6000tjnz,SCEDC-01,3
us6000tl36,CEA-12,0
us6000tinr,CEA-12,14
ci40672458,CEA-12,0
hv75019342,PNSN-07,3
pr71529563,SCEDC-01,14
us6000tml2, PNSN-07	,4
us6000tjj7,PNSN-07,1
pr71529118,SCEDC-01,15
us6000tmpg,CEA-12,5
us6000tm46,CEA-12,3
us6000tmlh, PNSN-07	,10
us6000tl30,SCEDC-01,13
pr71526913,CEA-12,8
us6000tmut,USGS-WEST,9
us6000tjqy,CEA-12,4
us6000ti5m, PNSN-07	,9
us6000tkv2, PNSN-07	,10
aka2026ppikce, PNSN-07	,6
ci41529896, PNSN-07	,9
us6000tj8t,CEA-12,5
us6000thre,USGS-WEST,3
nc75413212, PNSN-07	,15
us6000tjnf,SCEDC-01,9
aka2026pylytt,SCEDC-01,0
ncafpk054nzd,PNSN-07,
us6000tj0d,CEA-12,8
ci40671466,CEA-12,9
aka2026qmqaka,CEA-12,1
uwxqyxgo4b9,USGS-WEST,6
pr71527703,PNSN-07,11
us6000tj5s,PNSN-07,7
us6000thex, PNSN-07	,12
us6000tn29,USGS-WEST,1
us6000thmm,SCEDC-01,13
usd0015e7x,USGS-WEST,null
us6000tmyf,CEA-12,14
usyjne00v8,USGS-WEST,6
us6000tht2,CEA-12,9
us6000tib4,PNSN-07,5
us6000tlt2, PNSN-07	,3
us6000tim8,SCEDC-01,8
us6000tlnv,CEA-12,5
akoe3t0hicct,USGS-WEST,0
nc75419932,CEA-12,1
nnq6l6gt6m,USGS-WEST,1
us6000tmrx, PNSN-07	,9
aka2026qtqaig, PNSN-07	,null
us6000thxt, PNSN-07	,7
us6000tmq5, PNSN-07	,2
us6000tl15,CEA-12,13
aka2026qfhjhd,SCEDC-01,2
us6000thvq,CEA-12,10
aka2026qfihcb,USGS-WEST,6
us6000tlvn, PNSN-07	,15
usblv0prkgy,PNSN-07,3
uscs4i42af,SCEDC-01,7
uu80148601, PNSN-07	,7
aka2026poxsow,USGS-WEST,12
us6000tkai,PNSN-07,12
us6000tlmq,USGS-WEST,0
us6000tj6s,USGS-WEST,14
us6000tlnc,USGS-WEST,6
us6000tijg,PNSN-07,3
us6000tkwz, PNSN-07	,0
aka2026pvtuaw,CEA-12,6
us6000thxr,SCEDC-01,3
us6000tl9d,SCEDC-01,2
nc75422337,CEA-12,0
pr71527013,USGS-WEST,
ci5t5bfz63p,CEA-12,8
usd0015e7p, PNSN-07	,7
us6000tj3t,SCEDC-01,12
pr71529103,SCEDC-01,13
us6000timz,SCEDC-01,3
us6000tj34, PNSN-07	,2
us6000tly2, PNSN-07	,1
uwqn0b58st,PNSN-07,11
nng1x3j1l7r,PNSN-07,9
aka2026pkltdu,USGS-WEST,2
us6000tmmc,SCEDC-01,12
us6000tmhn,PNSN-07,15
us6000tj1z,CEA-12,4
us6000tk8r, PNSN-07	,9
us6000ti11,CEA-12,9
us6000tmdp,USGS-WEST,0
pr71528278, PNSN-07	,
aka2026qotnql, PNSN-07	,12
us6000tl3u,PNSN-07,9
ci40669178,USGS-WEST,6
uwlqcg1wu16, PNSN-07	,4
us6000tkxt,CEA-12,8
us6000tipl,CEA-12,1
us6000ti1g, PNSN-07	,14
nc75420632,PNSN-07,9
us6000thx2,USGS-WEST,3
us6000ti99, PNSN-07	,15
us6000tll1,USGS-WEST,4
hv75018112,CEA-12,3
us6000tj0k,PNSN-07,6
us6000tn1h,SCEDC-01,10
aka2026qrdhim,USGS-WEST,4
pr71527003,USGS-WEST,10
aka2026qkpgrh,CEA-12,0
aka2026qlnush,CEA-12,13
us6000thgz,USGS-WEST,4
cir5n8i4p4,USGS-WEST,15
aka2026pzwhgg,USGS-WEST,9
us6000tmuq,PNSN-07,5
us6000thyk,PNSN-07,8
us6000tjz8,CEA-12,6
us6000tilv,PNSN-07,2
us6000tig8, PNSN-07	,0
us6000tmd2, PNSN-07	,12
us6000tla9,CEA-12,1
us6000tjvp, PNSN-07	,15
aka2026prcpvq,CEA-12,11
us6000tmcx, PNSN-07	, 9 
aka2026qkfxfr, PNSN-07	,2
us6000tj0e, PNSN-07	,0
pr71527188, PNSN-07	,5
aka2026pzfgfd,CEA-12,14
us6000tl33, PNSN-07	,4
us6000tlrq,SCEDC-01,0
us6000tl32,CEA-12,2
us6000tjab,CEA-12,1
usd0015ech, PNSN-07	,11
hv75018602,SCEDC-01,null
pr71529188,PNSN-07,8
us6000tim9,USGS-WEST,5
usd0015eae,SCEDC-01,11
us6000tkf9,PNSN-07,8
aka2026poxpkq,CEA-12,12
us6000tiqn,USGS-WEST,15
us6000tjcn, PNSN-07	,0
ci40670714,CEA-12,14
us6000thj0,PNSN-07,8
us6000tjbm,CEA-12,5
akit3uea3ge,PNSN-07,7
ake6h76mww,USGS-WEST,3
aka2026qmanuu,SCEDC-01,15
us6000tjnu,CEA-12,
nn7s361gh9n1,CEA-12, 5 
us6000tjr6,PNSN-07,null
aka2026pdypwo,CEA-12,12
us6000tmf5, PNSN-07	,0
hv75019202,USGS-WEST,2
us6000thxy, PNSN-07	,15
ussof1gg2ktb,CEA-12,7
us6000ti85, PNSN-07	,4
aka2026ppejhf,CEA-12,8
us6000tn61,USGS-WEST,14
us6000tm93,PNSN-07,7
us6000thm3,CEA-12, 3 
aka2026qbekdq, PNSN-07	,13
us6000thin, PNSN-07	,3
us6000tihy, PNSN-07	,1
us6000thel, PNSN-07	,N/A
us6000tk1y, PNSN-07	,0
aka2026ppagtx,SCEDC-01,13
us6000tj80,PNSN-07,13
us6000tkub,SCEDC-01,12
aka2026qmbais, PNSN-07	,3
us6000tjxa,USGS-WEST,15
us6000tjm4,PNSN-07,9
us6000tl9j, PNSN-07	,13
usd0015ecs,PNSN-07,0
aka2026qpdfbj,PNSN-07,0
aka2026qjrjwb,CEA-12,10
us6000ths9,PNSN-07,4
us6000tjad, PNSN-07	,8
uw3csmcmcut6, PNSN-07	,13
nc75420282, PNSN-07	,8
us6000thev,SCEDC-01,6
us6000tl72, PNSN-07	,15
aka2026pxocue, PNSN-07	,15
nneiue237wi,USGS-WEST,11
us6000tlk5,SCEDC-01,4
us6000thgg,PNSN-07,7
aka2026qrtpin,CEA-12,3
us6000tmzi,SCEDC-01,10
aka2026qsarkp, PNSN-07	,1
us6000tm40,PNSN-07,2
pr71527738,SCEDC-01,null
us6000tkt2,CEA-12,
us6000timf,SCEDC-01,12
us6000tig5, PNSN-07	,9
ncpjs1awp0lf, PNSN-07	,1
us6000tk0e,CEA-12,15
us6000tn4t,CEA-12,9
us6000tkat, PNSN-07	,7
us6000tjaj,PNSN-07,11
pr71527753,PNSN-07,null
us6000ti0a,SCEDC-01,11
us6000tiat,SCEDC-01,6
us6000tm1y,PNSN-07,2
us6000tig0, PNSN-07	,11
us6000tmf2,USGS-WEST,7
us6000tl5y,CEA-12,14
hv75015627, PNSN-07	,0
us6000tjnj,SCEDC-01,3
us6000tkrw, PNSN-07	,9
us6000tmuw,PNSN-07,8
nc75424162, PNSN-07	,8
us6000thm9,SCEDC-01,15
us6000tjt8,USGS-WEST,14
us6000tir0, PNSN-07	,0
us6000tk6k,USGS-WEST,2
us6000tix7,CEA-12,7
us6000tm5u,SCEDC-01,11
pr2026217000,PNSN-07,8
ncefujeir9u,PNSN-07,12
us6000ti4e,USGS-WEST,2
tx2026pgvjqb,CEA-12,15
aka2026qfvunv,CEA-12,8
us6000tj85,CEA-12,15
aka2026qqgwoh,CEA-12,7
us6000tl58,CEA-12,7
hv75018581,CEA-12,11
pr71528243,PNSN-07,3
us6000ti8i,SCEDC-01,0
aka2026pkfvpf, PNSN-07	,1
us6000thmn,USGS-WEST,10
aka2026psrixg, PNSN-07	,8
us6000ti5w, PNSN-07	,8
pr71527958, PNSN-07	,0
us6000tki8,SCEDC-01,1
aka2026phwtod,SCEDC-01,5
hv75017861,PNSN-07,14
us6000tkwj,PNSN-07,0
nnccciv473j6,SCEDC-01,3
aka2026prdqwr, PNSN-07	,8
hv75019517,USGS-WEST,7
aka2026psctll, PNSN-07	,10
ak6rkq4svh3e,SCEDC-01,13
tx2026pvrppd,USGS-WEST,11
us6000thm6,USGS-WEST,14
nn00923117,CEA-12,7
aka2026pclwxk,USGS-WEST,7
ak1f1l8sug,SCEDC-01,N/A
us6000thjv,SCEDC-01,0
us6000thmt,SCEDC-01,4
usd0015eas, PNSN-07	,10
pr71527448,USGS-WEST,8
us6000tn01, PNSN-07	,1
us6000tn6p,CEA-12,1
us6000thpb,USGS-WEST,15
hv75017001,PNSN-07,14
pr71528298,USGS-WEST,11
us6000tly9, PNSN-07	,8
pr71529603,SCEDC-01,3
us6000tjsb, PNSN-07	,6
nn00923474, PNSN-07	,5
us6000thj5,USGS-WEST,11
us6000tm25, PNSN-07	,15
pr71529588,SCEDC-01,2
us6000tlv2,USGS-WEST,14
us6000tn20,CEA-12,5
us3fnbdvpi,USGS-WEST,13
us6000tjsf, PNSN-07	,12
nc75414992,PNSN-07,2
us6000thng,CEA-12,10
us6000tjyx,USGS-WEST,8
aka2026qkxamm,SCEDC-01,8
aka2026pvgipq,USGS-WEST,14
pr71529618,CEA-12,N/A
aka2026qdmxem,USGS-WEST,2
pr2026216000,SCEDC-01,0
us6000tlnz, PNSN-07	,0
uwph3i379u26, PNSN-07	, 2 
cilcp2277kxx,CEA-12,2
us6000tm2l,SCEDC-01,9
us6000tjuw,USGS-WEST,14
cie78669by4,CEA-12,null
aka2026plgdnb,USGS-WEST,15
us6000thn1, PNSN-07	,8
hv75017846,CEA-12,5
us6000tjya,SCEDC-01,13
us6000thdg, PNSN-07	,9
ciqdf1rcavi,SCEDC-01,7
usd0015ed8,SCEDC-01,9
us6000tme0,USGS-WEST,4
us6000tics,PNSN-07,4
pr71528888,SCEDC-01,0
us6000tke6,SCEDC-01,15
us6000tht0,SCEDC-01,9
aka2026pkiyzb,PNSN-07,11
us6000tl2a, PNSN-07	,13
tx2026qbbjvl,CEA-12,12
nn00923484,CEA-12,N/A
aka2026pkntpl, PNSN-07	,8
us6000tiwc, PNSN-07	,8
aka2026prkaya,PNSN-07,
hv75019372,SCEDC-01,14
us6000tikv, PNSN-07	,15
us6000tn9b,PNSN-07, 4 
us6000tima,PNSN-07,5
aka2026qpretv,USGS-WEST,0
pr2026227001,PNSN-07,
us6000thv7,SCEDC-01,6
us7000tbrt,USGS-WEST,15
us6000tk1a,SCEDC-01,1
aka2026qqocjo,CEA-12,1
us6000thfp,SCEDC-01,2
us6000tj0h,CEA-12,6
us6000tm2k,USGS-WEST,12
ci2rl15f4w0v,PNSN-07,7
us6000tmi3,SCEDC-01,7
us6000tj2x,PNSN-07,6
us6000tinl,PNSN-07,6
us6000tltg,USGS-WEST,10
uw7x52dnr9,PNSN-07,3
aka2026psfsdw,USGS-WEST,6
ci40664738,PNSN-07,6
us6000tlzn,CEA-12,13
us6000tk2d,CEA-12,8
us6000tjd3,SCEDC-01,
ncdstwg6nj4, PNSN-07	,15
aka2026ppwwng,CEA-12,11
aka2026qdhwxa,CEA-12,5
us6000tkm6, PNSN-07	,10
aka2026pclxzr,PNSN-07,1
us6000tirf,CEA-12,N/A
us6000tm5w,USGS-WEST,11
aka2026pzhtah,SCEDC-01,0
us6000tkw0,USGS-WEST,4
akt1q3tmy4gp,PNSN-07,15
usd0015ecm, PNSN-07	,9
us6000tifw,SCEDC-01,6
us6000thl7, PNSN-07	,11
us6000tj09,SCEDC-01,8
usow7sfqm9r, PNSN-07	,N/A
pr71528393,SCEDC-01,9
ci452bfsoz, PNSN-07	,11
us6000tm1m, PNSN-07	,12
uwnpgw90jpk,PNSN-07,11
cie9nnovja,CEA-12,10
akublqdi07, PNSN-07	,12
aka2026qsxksj,SCEDC-01,4
us6000tjht,USGS-WEST,13
aka2026pictqf,PNSN-07,3
aka2026qlazoq,PNSN-07,1
ci40670922,CEA-12,5
aka2026pcfeuy,CEA-12,3
us6000tlyi,PNSN-07,1
aka2026qsjfaz,SCEDC-01,15
hv75011712, PNSN-07	,N/A
aka2026psrvmz, PNSN-07	,N/A
us6000tjer,SCEDC-01,2
hv75011592,PNSN-07,11
nnj5ci6vg2g7,SCEDC-01,11
us6000tmph,PNSN-07,8
aka2026pumqju,PNSN-07,N/A
aka2026pddzte, PNSN-07	,N/A
us6000thdb, PNSN-07	,12
aka2026pgeytv, PNSN-07	,7
us6000tn2d,CEA-12,13
us6000tj01, PNSN-07	,11
us6000tmq6,SCEDC-01,3
tx2026phcqoh,CEA-12,12
us6000tlmz,CEA-12,14
ciw81xe6va,USGS-WEST,10
us6000tkax,SCEDC-01,13
nnpjag1ol73,USGS-WEST,7
aka2026plmtdl,CEA-12,12
us6000tn1x,USGS-WEST,11
us6000tjk6,SCEDC-01,
us6000tkv1,USGS-WEST,0
aka2026pctvdm,USGS-WEST,0
us6000tjel,CEA-12,6
us6000ti1e,PNSN-07,8
us6000tm22, PNSN-07	,0
us6000tkcb,USGS-WEST,null
nc75414027, PNSN-07	,7
us6000tm5t,USGS-WEST,2
us6000tkvi, PNSN-07	,6
us6000tivk,USGS-WEST,15
us6000tilj, PNSN-07	,3
aka2026pldzej,USGS-WEST,1
us6000tmja, PNSN-07	,
us6000tknm,USGS-WEST,11
aka2026qrevbe,SCEDC-01,13
us6000tknz,PNSN-07,7
us6000tinw, PNSN-07	,0
us6000tl3k,SCEDC-01,1
us6000tixb,PNSN-07,10
aka2026pprezu,CEA-12,10
us6000tlrj,CEA-12,0
nc75424082,SCEDC-01,2
us6000tju1,USGS-WEST,null
us6000tizz,PNSN-07,15
aka2026ptdfxc,PNSN-07,12
us6000tkfh,SCEDC-01,13
us6000tkf7,CEA-12,4
us6000tm1l,CEA-12,15
aka2026powwlk, PNSN-07	,6
us6000tiqw, PNSN-07	,7
us6000tn62,USGS-WEST,13
us6000tjpx, PNSN-07	,0
ciooaedoecve,SCEDC-01,11
aka2026qtlnac,USGS-WEST,11
us6000tkha,PNSN-07,9
aka2026pfcyfv,USGS-WEST,14
aka2026qpunpd,SCEDC-01,1
us6000tmf7,CEA-12,6
us6000tltq,CEA-12,
us6000tn15,CEA-12,4
us6000tmje,USGS-WEST,0
aka2026pfoabo,PNSN-07,9
us6000thsn,PNSN-07,10
us6000tkrq, PNSN-07	,6
nn00923566, PNSN-07	,8
aka2026qrwflf, PNSN-07	,4
aka2026picqfc,PNSN-07,12
us6000ti49, PNSN-07	,1
us6000tkyg,PNSN-07,9
us6000thrs, PNSN-07	,
aka2026pjkpyh,PNSN-07,12
aka2026qiuzyy,USGS-WEST,0
us6000tjqm,CEA-12,12
us6000tile,PNSN-07,10
us6000tmdi, PNSN-07	,2
akg7hsfkr26j, PNSN-07	,14
us6000tiyc,PNSN-07,1
us6000timq, PNSN-07	,9
nc75423527,SCEDC-01,null
us6000tk0q,USGS-WEST,9
us6000tmq2, PNSN-07	,8
hv75017031,USGS-WEST,12
us6000tjbq,PNSN-07,8
us6000tjh1,USGS-WEST,12
us6000timk,PNSN-07,12
us6000tkf1, PNSN-07	,7
aka2026pkiwmc, PNSN-07	,4
us6000tl5f,USGS-WEST,10
us6000thmq,CEA-12,6
aka2026qdnfmv, PNSN-07	,6
pr71528248,USGS-WEST,4
aka2026qruhyn,CEA-12,5
us6000tn25, PNSN-07	,3
us6000tm9h,CEA-12,0
us6000tk3p,SCEDC-01,13
us6000tn6z,USGS-WEST,4
us6000tihx,PNSN-07,4
us6000tn4p, PNSN-07	,8
akjvfjwtzif, PNSN-07	,7
us9eka024s,CEA-12,0
pr2026221001,SCEDC-01,4
us6000thl2, PNSN-07	,15
us6000thxs,USGS-WEST,5
usd0015edq,SCEDC-01,N/A
cifr21520r,CEA-12,1
us6000tlkq,PNSN-07,8
us6000tkjc,CEA-12,6
aka2026qizrrl,PNSN-07,5
us6000thii,SCEDC-01,15
pr71529668,SCEDC-01,7
us6000tjcl,PNSN-07,12
us6000tj59,SCEDC-01,1
us6000tkw2,SCEDC-01,14
aka2026qdrzfl,PNSN-07,7
us6000tm2v,SCEDC-01,1
us6000tilw, PNSN-07	,1
cilklfyp5jo3,SCEDC-01,12
us6000tl9x,USGS-WEST,14
us6000tm2y,USGS-WEST,1
us6000tjqs,CEA-12,14
us6000tlum,SCEDC-01,2
ci40669138,PNSN-07,5
aka2026qmxwhm, PNSN-07	,4
us6000thgc,USGS-WEST,0
us6000tkvb, PNSN-07	,6
us6000tl40,PNSN-07,8
us6000tk0h,CEA-12,0
aka2026pozgsw,USGS-WEST,2
tx2026qqfrzq,SCEDC-01,5
us6000tlym,SCEDC-01,1
tx2026pyvhfj,USGS-WEST,4
us6000thm1,CEA-12,5
us6000tixe,PNSN-07,13
us6000tl19,SCEDC-01,9
us6000tm2i,PNSN-07,4
aka2026poyjvy,PNSN-07,0
us6000thqj,SCEDC-01,0
nc75411812,SCEDC-01,7
pr71528493,SCEDC-01,14
ok2026pnnp,PNSN-07,0
us6000tkhc, PNSN-07	,8
us6000tkpq, PNSN-07	,N/A
us6000tkfa,PNSN-07,
aka2026qbtske, PNSN-07	,9
us6000thdc,PNSN-07,N/A
aka2026prxtgl,CEA-12,9
aka2026qqksvt, PNSN-07	,5
ci41533424, PNSN-07	,11
aka2026qmdhuk,PNSN-07,9
us6000tizx,SCEDC-01,2
uu80148271, PNSN-07	,2
us6000tj3e,CEA-12,3
aka2026pkjgqw,USGS-WEST,10
us6000tiyy, PNSN-07	,6
us6000tj70, PNSN-07	, 1 
aka2026pldufy,PNSN-07,15
aka2026qfngls, PNSN-07	,9
pr71527658,USGS-WEST,8
pr71528083, PNSN-07	,11
cidi7n9u47y, PNSN-07	,15
us6000tl0a,SCEDC-01,15
us6000tl9g, PNSN-07	,7
us6000tmzm,CEA-12,0
us6000tmra,PNSN-07,6
us6000tixn,SCEDC-01,null
aka2026qozpem, PNSN-07	,N/A
us6000tlva,USGS-WEST,8
us6000tmrn,USGS-WEST,9
aka2026pbydwn,USGS-WEST,null
nnxgx8wdzr,USGS-WEST,12
us6000ti5u, PNSN-07	,0
pr71527273,CEA-12,10
aka2026ptnonn,SCEDC-01,15
us6000tk90,CEA-12,15
nnvkxtufdjk,SCEDC-01,10
us6000tmnd,SCEDC-01,1
aka2026qrirzq,USGS-WEST,10
aka2026qeknuv,PNSN-07,6
ci40669778,USGS-WEST,N/A
aka2026pjqoyy,USGS-WEST,0
nc75411387,SCEDC-01,5
us6000thp0,SCEDC-01,5
aka2026qtoknv,USGS-WEST,10
hv75015642,USGS-WEST,N/A
usd0015ebf,USGS-WEST,14
aka2026qdeiyi,USGS-WEST,6
us6000timu,CEA-12,3
us6000tkw9,PNSN-07,6
us6000tkdf,SCEDC-01,0
hv75022847, PNSN-07	,4
pr71528673,SCEDC-01,9
pr71527663,CEA-12,3
aka2026qtvqfq, PNSN-07	,4
us6000tk4g,PNSN-07,14
usnd8dudd46, PNSN-07	,
pr71527678, PNSN-07	,2
us6000tjqn,PNSN-07,3
us6000tm3t,USGS-WEST,0
aka2026prjjpy,USGS-WEST,6
us6000thy1,CEA-12,9
aka2026ppssri,USGS-WEST,14
aka2026plodlo,USGS-WEST,4
us6000tk27,PNSN-07,0
nnwssbzrad5s, PNSN-07	,3
nc75416672,USGS-WEST,10
us6000tifd,USGS-WEST,7
us6000tjm0,USGS-WEST,10
us6000tm2a,PNSN-07,
aka2026qhydao,PNSN-07,0
aka2026qabaix,SCEDC-01,5
pr71528233, PNSN-07	,14
us7000tbrs,USGS-WEST,10
us6000tmm3, PNSN-07	,2
cifph90o7y2,SCEDC-01,0
aka2026qainsg,PNSN-07,14
pr71527983,SCEDC-01,15
us6000tk0w,CEA-12,4
tx2026qjynzf, PNSN-07	,8
us6000tin4,SCEDC-01,5
us6000tn9r,USGS-WEST,10
us6000tiex,PNSN-07,2
uu80146951,USGS-WEST,15
us6000tj1x,CEA-12,9
uwbtyzmepgth, PNSN-07	,4
aka2026qtgozp,SCEDC-01,3
aka2026pjqoqs,PNSN-07,9
us6000tksg,SCEDC-01,13
us6000tmwk,CEA-12,5
aka2026qsfeey,SCEDC-01,2
us6000tn1k, PNSN-07	,13
nc75417557,SCEDC-01,10
us6000tlqk,CEA-12,5
us6000tkf8,PNSN-07, 15 
us6000thnw,SCEDC-01,10
pr71529348,SCEDC-01,5
us6000thp6,SCEDC-01,2
us6000tl1m, PNSN-07	,12
us6000tlty,PNSN-07,2
us6000tj6x,CEA-12,0
us7000tbqq,CEA-12,14
us6000tjl0,SCEDC-01,14
hv75016931,USGS-WEST,9
aka2026powrpu,USGS-WEST,13
us6000tk0s,USGS-WEST,2
us6000tj7q, PNSN-07	,12
pr71528848,USGS-WEST,1
us6000tjnp, PNSN-07	, 1 
us6000tjch,USGS-WEST,3
ci41529160,PNSN-07,7
aka2026pyhpqg, PNSN-07	,12
ci6qiwepxs,SCEDC-01,12
us6000tj8e, PNSN-07	,6
us6000tmj8,SCEDC-01,4
us6000tk75,SCEDC-01,11
hv75018276,CEA-12,9
us6000tk74,CEA-12,
aka2026qtuxwd,CEA-12,15
us6000tkwt,CEA-12,0
us6000tls4,SCEDC-01,13
nnmpyo0cu4y,SCEDC-01,13
us6000tmjb,SCEDC-01,12
aka2026qhuzmh,CEA-12,13
tx2026pvveaq, PNSN-07	,15
us6000tip9,CEA-12,8
us6000tk5c, PNSN-07	,
us6000tii1, PNSN-07	,15
us6000tlgm,PNSN-07,15
us6000ti9q,PNSN-07,4
us6000tihi, PNSN-07	,8
aka2026qrgjis,PNSN-07,2
uu80147111,PNSN-07,9
us6000tlm6,USGS-WEST,0
aka2026pgjqhh, PNSN-07	,15
aka2026qbclbk,USGS-WEST,13
us6000tm10,USGS-WEST,9
aka2026puobyu, PNSN-07	,9
aka2026pqevri, PNSN-07	,0
pr2026234001, PNSN-07	,5
us6000tk8n,USGS-WEST,0
aka2026qhglnv,PNSN-07,4
us6000tlnq,USGS-WEST,null
us6000tjjh,USGS-WEST,
akfw2q4nm8r9, PNSN-07	,5
us6000tltd,CEA-12,14
us6000tiye,CEA-12,8
us6000ths2,CEA-12,15
aka2026qlcjyh, PNSN-07	,1
us6000tmrw,PNSN-07,4
us6000tkdq,CEA-12,15
us6000tiqe,SCEDC-01,12
us6000thej,SCEDC-01,5
aka2026qkiuau,USGS-WEST,1
uwsef6y39c2,PNSN-07,1
usd0015efc,SCEDC-01,15
akod4k7yjpch, PNSN-07	,7
us6000tmrq,SCEDC-01,15
us6000tmww, PNSN-07	,0
us6000tkmi,SCEDC-01,10
nnj0g50rcxn2,PNSN-07,3
nnrerw6z8vb,USGS-WEST,13
aka2026pfqgsd,USGS-WEST,10
aka2026qjxeat,PNSN-07,8
us6000ti9k,SCEDC-01,14
ok2026plrc,CEA-12,6
us6000tls7,CEA-12,10
us6000tjjs,PNSN-07,
hv75019242, PNSN-07	,3
us6000tjsj,USGS-WEST,7
uwquhz6a830,USGS-WEST, 6 
tx2026qagons,PNSN-07,1
nc75415627,CEA-12,3
us6000tkyc,PNSN-07,2
aka2026pkmlux,CEA-12,12
aka2026pqgtmy, PNSN-07	,5
aka2026plobir,CEA-12,8
us6000tjzx,PNSN-07,14
aka2026qoxams,USGS-WEST,13
us6000tkuw,USGS-WEST,8
us6000tjp0,PNSN-07,8
usd0015ed1,SCEDC-01,12
aka2026qazpzy,PNSN-07,8
us6000tkv9,USGS-WEST,5
us6000tk13,SCEDC-01,6
uwdswx1jp70,CEA-12, 15 
us6000tinp,SCEDC-01,6
pr71528518,PNSN-07,14
aka2026pkokil,PNSN-07, 1 
nn00922853,USGS-WEST,0
cifoh3hj5s6,CEA-12,0
us6000thgi,SCEDC-01,8
us6000ti6z,USGS-WEST,12
us6000tiax, PNSN-07	,15
us6000tjen,SCEDC-01,2
usd0015ebp,PNSN-07,12
ci41533416,SCEDC-01,3
us6000thpi,USGS-WEST,10
us6000tjsu,SCEDC-01,1
us6000tm1h,PNSN-07,11
nc32uuj2e42,USGS-WEST,2
us6000tj3x,USGS-WEST,6
aka2026prbaul,PNSN-07,12
us6000tm2j,USGS-WEST,12
pr71526963,USGS-WEST,0
aka2026qaddaa,CEA-12,
nc75416682, PNSN-07	,7
us6000tjbg,PNSN-07,9
usd0015ed7,SCEDC-01,
aka2026pplqzs,USGS-WEST,1
us6000tieq,CEA-12,14
usd0015ebk, PNSN-07	,4
nnx272hpoevb,CEA-12,N/A
nn00923036,SCEDC-01,0
aka2026qsiljd, PNSN-07	,1
pr71528153,CEA-12,0
us6000tj24,PNSN-07,9
pr71527613,PNSN-07,14
us6000tlmt, PNSN-07	,2
us6000tkny,PNSN-07,3
akrsh8yzwjsc, PNSN-07	,N/A
us6000tk1m,SCEDC-01,10
us6000thqe,SCEDC-01, 10 
aka2026pqttyv, PNSN-07	,4
us6000tky8,CEA-12,1
nc75410062,USGS-WEST,N/A
us6000tjfj,SCEDC-01,5
aka2026pixvhb, PNSN-07	,5
us6000tmgl, PNSN-07	, 1 
nc75416222,SCEDC-01,0
us6000tk29,PNSN-07,
us6000tk5x, PNSN-07	,9
nndn0yby4aw,SCEDC-01,4
us6000tjsv,USGS-WEST,14
us6000tk0c,CEA-12,1
us6000tmft,SCEDC-01,2
us6000thht,USGS-WEST,11
us6000tkf2, PNSN-07	,7
uwe42x6g26oc, PNSN-07	,3
us6000tinq, PNSN-07	,7
us6000tiri,CEA-12,
pr71528978,CEA-12,15
us6000tm8h,CEA-12,null
usk87au5bhx,USGS-WEST,6
nc75415717,USGS-WEST,
us6000thxn, PNSN-07	,5
us6000tkyz,PNSN-07,15
us6000tmy3,PNSN-07,7
pr71529213, PNSN-07	,10
usd0015e6s,USGS-WEST,7
aka2026powxco,USGS-WEST,0
us6000thhr,CEA-12,12
us6000tj68,PNSN-07,15
us6000tmkh,PNSN-07, 13 
us6000thyw,SCEDC-01,5
hv75017772,CEA-12,14
us6000thvj,USGS-WEST,8
usz9xfzaq8,CEA-12,1
us6000tie5,PNSN-07,0
us9sey629rh,SCEDC-01,13
us6000tl09,USGS-WEST,7
us6000tinm, PNSN-07	,5
us6000tjug, PNSN-07	,5
us6000tja7, PNSN-07	, 7 
us6000ti1a,SCEDC-01,6
us6000tib1,SCEDC-01,0
us6000tn80,CEA-12,7
us6000tiyj, PNSN-07	,7
aka2026pspjwf, PNSN-07	,4
us6000tn19,PNSN-07,13
us6000tku7,PNSN-07,15
us6000tiy0, PNSN-07	,1
us6000tits,SCEDC-01,15
aka2026qizwax,PNSN-07,14
us6000tja9,PNSN-07,0
us6000tmrf,SCEDC-01,null
us6000tjpc,CEA-12,null
aka2026pqonmt,CEA-12,14
us6000tmip, PNSN-07	,0
us6000tl94,SCEDC-01,4
ciier0v6rast,SCEDC-01,5
us6000tktg,USGS-WEST,14
us6000tkez,PNSN-07,2
us6000tipc,USGS-WEST,1
us6000tlwb,USGS-WEST,6
us6000tjpz,PNSN-07,10
pr71527893,PNSN-07,11
aka2026pfcuob,PNSN-07,12
us6000tll0, PNSN-07	,1
nn4qcmswdvrh,CEA-12,2
us6000tj4i,CEA-12,4
us6000tkvy,CEA-12,3
usd0015edt, PNSN-07	,6
ust8f6kjkvcb,CEA-12,10
nc75419132,USGS-WEST,13
pr71529313,PNSN-07,11
us6000tkj5,SCEDC-01,3
us6000tlmc, PNSN-07	,9
us6000tigs,USGS-WEST,2
us6000tmwj,SCEDC-01,N/A
pr71527433,USGS-WEST,null
us6000tm31,PNSN-07,4
us6000thr2,CEA-12,0
us6000tixy, PNSN-07	,4
akqxj4efff1g,SCEDC-01,14
us6000tklb,PNSN-07,9
pr71529488,PNSN-07,7
us6000tirp, PNSN-07	,10
us6000tkx9,USGS-WEST,10
us6000ti71, PNSN-07	,14
us6000tj1r, PNSN-07	,4
us6000tjwh,USGS-WEST,5
pr71528338,CEA-12,15
us6000tkig,USGS-WEST,null
ncphbl57y9h,SCEDC-01,5
us6000tmfe,CEA-12,9
aka2026qbiaba,CEA-12,4
akgkv05sz9c3,PNSN-07,1
us6000tjku, PNSN-07	,4
akyvi7f16xbx,USGS-WEST,5
nn00923448,PNSN-07,10
us6000tjc4,CEA-12,11
us6000tkwe,CEA-12,
us6000thyr,SCEDC-01,15
us6000tkv7,SCEDC-01,10
pr71528893, PNSN-07	,10
us2u0j0n06,USGS-WEST,15
us6000tlt9, PNSN-07	,4
aka2026qawjgu,SCEDC-01,10
pr71528623,SCEDC-01, 1 
aka2026pdudch,PNSN-07, 9 
us6000tjji,CEA-12,14
ak0vdvevg9y,USGS-WEST,1
us6000tm1i,CEA-12,7
us6000tmwh,USGS-WEST, 6 
usd0015eav,SCEDC-01,2
aka2026powtkx,SCEDC-01,6
us6000tls5, PNSN-07	,1
aka2026qhwbjb,USGS-WEST,0
uswdds54s8ag,USGS-WEST,12
us6000tj4t,USGS-WEST,11
nc75414997,SCEDC-01,2
us6000tjsc,SCEDC-01,13
aka2026qqjesw,USGS-WEST,5
pr71528558,SCEDC-01, 13 
us6000ti7t, PNSN-07	,null
nc75413392,SCEDC-01, 10 
aka2026pujftg,SCEDC-01,null
pr71528348,SCEDC-01,5
us6000thly, PNSN-07	,4
us6000tj4x,SCEDC-01,9
us6000tmbw,PNSN-07,9
us6000tj0f,USGS-WEST,15
uwst21k2w2c,SCEDC-01,
us6000tn8w,CEA-12,8
us6000tllz,SCEDC-01,3
usd0015ecv,USGS-WEST,13
aka2026qbswum,CEA-12,null
usd0015eb3,SCEDC-01,2
us6000tmcn,USGS-WEST,15
us6000tift,USGS-WEST,15
uw1i3ldqyun3,PNSN-07,11
us6000tk6n, PNSN-07	,0
us6000tn33,CEA-12,0
aka2026qhdrkl,CEA-12,11
pr2026229001,USGS-WEST,11
aka2026pzvhjk,USGS-WEST,1
nc75410982, PNSN-07	,2
aknv5moije,CEA-12,3
us6000tmei,CEA-12,10
us6000tjpa,USGS-WEST,8
us6000the7,USGS-WEST,3
us6000tjwm,USGS-WEST, 4 
aka2026ppdspw,USGS-WEST,11
us6000tj0a,SCEDC-01,10
us6000tjp4,CEA-12,3
ci40674314, PNSN-07	,7
hv75019182, PNSN-07	,3
us6000tn4w,PNSN-07,3
us6000tmlu,PNSN-07,15
us6000thef,USGS-WEST,4
us6000tltv, PNSN-07	,10
aka2026qdxqmy,USGS-WEST,0
us6000tifg,PNSN-07,N/A
ci40665394,CEA-12,N/A
aka2026ppekdh,PNSN-07,13
hv75011622,PNSN-07,0
us6000tm42,SCEDC-01,1
us6000tn08,PNSN-07,1
us6000tjnr,USGS-WEST,
pr2026213000,PNSN-07,3
us6000ti0n,CEA-12,6
us6000tjgf,USGS-WEST,null
nno2wb0dz6, PNSN-07	,11
us6000tmcv, PNSN-07	,7
aka2026pqmsof,PNSN-07,3
aka2026ppedws,PNSN-07,6
nc75411397,USGS-WEST,5
usd0015ef3, PNSN-07	,0
us6000tjvn,PNSN-07,6
us6000tkgn,SCEDC-01,11
aka2026qbeojw,CEA-12,14
us6000tkj3,PNSN-07,5
us6000tlyx,SCEDC-01,13
ci41531152,CEA-12,null
nc75412167,PNSN-07,N/A
uw9jrsnvnq,SCEDC-01,11
aka2026qbtfgi, PNSN-07	,0
us6000tmpf,PNSN-07,12
us6000tjcg, PNSN-07	,9
aka2026qsdhpp,SCEDC-01,7
aka2026pynipu,USGS-WEST,13
us6000tlud,PNSN-07,15
us6000tj8z,USGS-WEST,0
aka2026pfnykl,PNSN-07,12
uw714075502,PNSN-07,0
us6000tim2, PNSN-07	,3
us6000thf3,CEA-12,2
us6000thn0,CEA-12,10
us6000tilq,SCEDC-01,3
aka2026qfjamr,SCEDC-01,15
aka2026qdeubb, PNSN-07	,8
ushn3qxkhkt,SCEDC-01,11
us6000tn3t, PNSN-07	,12
us6000tmpe, PNSN-07	,0
hv75012817,PNSN-07,3
us6000tj5a,SCEDC-01,7
aka2026putcih,CEA-12,
us6000thlf,PNSN-07,15
us6000tlrt,CEA-12,12
nc75417167,USGS-WEST,4
nnuqbfobrcl4, PNSN-07	,3
ak38v8wq4m, PNSN-07	,15
us6000tmfl,CEA-12,9
uszxv9xjm6,SCEDC-01,8
aka2026qrhenk, PNSN-07	,0
us6000tjms,PNSN-07,13
pr71527868,PNSN-07,12
nc044p39jym,SCEDC-01,14
nc75413352,PNSN-07,5
nctx497w19,USGS-WEST,5
us6000tmq8,CEA-12,9
us6000ti4s,SCEDC-01,3
aka2026ptcacu,SCEDC-01,15
us6000tigp,CEA-12,1
aka2026qdnkjd,SCEDC-01,12
aka2026qectoa,USGS-WEST,9
us6000thxk,PNSN-07,null
us6000tlz8,USGS-WEST,0
aka2026phwetk,USGS-WEST,null
aka2026pczsck,USGS-WEST,13
nc3qa3s8ke2,CEA-12,7
aka2026pnvzqk,USGS-WEST,2
us6000tkn7,PNSN-07,N/A
usd0015eds,PNSN-07,0
ok2026pmwd, PNSN-07	,13
tx2026qphxaj,SCEDC-01,0
nngg1w103d,SCEDC-01,12
us6000tn4y,PNSN-07,N/A
us6000tm44,USGS-WEST,15
us6000tk7a,USGS-WEST,5
us6000thit,USGS-WEST,13
us6000tib5,PNSN-07,6
us6000tht1,PNSN-07,9
pr71528453,SCEDC-01,7
us6000thva,PNSN-07,3
aka2026ppstsn,USGS-WEST,2
hv75019117, PNSN-07	,15
nngp8iy3x8,USGS-WEST,2
us6000tj32,USGS-WEST,9
hv75020262, PNSN-07	,10
aka2026qbbemu,SCEDC-01,8
cili16dh7jtk,SCEDC-01,5
us6000tn4v, PNSN-07	,5
us6000thmh,CEA-12,14
nc75410397, PNSN-07	,13
us6000tm0s,PNSN-07,6
us6000ti66,CEA-12,7
us6000tkil,USGS-WEST,13
us6000tjif,PNSN-07,6
ci40672226,USGS-WEST,9
aka2026pkvjec,USGS-WEST,7
ok2026pvbc,PNSN-07,4
nc75409602,CEA-12,9
us6000tj0j, PNSN-07	,13
aka2026qbjngl,PNSN-07,6
us6000thhk,CEA-12,0
us6000tj1q,USGS-WEST,5
hv75015462,PNSN-07,15
aka2026qhhxol,PNSN-07,2
us6000tinn,USGS-WEST,2
ci40673610,SCEDC-01,11
us6000tl55,PNSN-07,12
us6000tkak,CEA-12, 7 
us6000tial,PNSN-07,8
us6000tk0p,PNSN-07,7
us6000tkvn,USGS-WEST,10
us6000tjls,SCEDC-01,7
us6000tl99,CEA-12,N/A
us6000tk1d,USGS-WEST,14
nc75420867, PNSN-07	,1
us6000tn7s,USGS-WEST,3
us6000tirh,SCEDC-01,15
us6000tj9r,USGS-WEST,4
pr71527288,USGS-WEST, 9 
us6000tkvh,PNSN-07,1
us6000tl97,CEA-12,8
us6000tlzv,USGS-WEST,11
pr2026216001,PNSN-07,7
us6000thy0,SCEDC-01,0
aka2026qiopfk,SCEDC-01,8
us6000thmv,CEA-12,9
us6000thsv,CEA-12,14
us6000tipv,SCEDC-01,1
aka2026qnmnxf,PNSN-07,15
us6000tk1j,SCEDC-01,10
us6000tir8,PNSN-07,5
hv75019107, PNSN-07	,2
aka2026qsxtmb, PNSN-07	,10
us6000tk3n,PNSN-07,1
us6000tkmy,CEA-12,14
us6000tmlc,CEA-12,0
tx2026pkkzio,USGS-WEST,10
us6000tkci,PNSN-07,5
uwp03eh58b,CEA-12,13
aka2026qsaocx,USGS-WEST,14
us6000tmbl,CEA-12,8
us6000tkp2, PNSN-07	,10
tx2026pmpsus,CEA-12,2
us6000tivb,CEA-12,12
us6000thna, PNSN-07	,
us6000tjh9, PNSN-07	,7
aka2026psqzkr,SCEDC-01,6
us6000tlma,CEA-12,1
aka2026qnjvsi,SCEDC-01,null
pr71529063,CEA-12, 3 
us6000tmpp,SCEDC-01,14
us6000tl96,SCEDC-01,3
us6000tkam,CEA-12,6
us6000tji3,USGS-WEST,9
aka2026phftwj,SCEDC-01,4
nclx6ohmip5b,CEA-12,6
us6000tmej,USGS-WEST,6
us6000tmau,SCEDC-01,null
us6000tk9l,CEA-12,14
us6000tkrs,USGS-WEST,0
us6000tk0u,CEA-12,10
us6000tigl,SCEDC-01,6
us6000tifh,SCEDC-01, 8 
us6000tltz,PNSN-07,1
us6000tl2s,CEA-12,15
us6000tmyx, PNSN-07	, 1 
us6000tmqf, PNSN-07	,12
us6000tl6a,SCEDC-01, 11 
pr71527418,PNSN-07,5
us6000tmfi, PNSN-07	,15
us6000tkqp,SCEDC-01, 4 
aka2026qhtyhk,SCEDC-01,4
us6000tjjj,USGS-WEST,1
hv75018296,SCEDC-01,8
us6000tivz,SCEDC-01,9
us6000tkba,USGS-WEST,8
usd0015eay,SCEDC-01,5
uwnj971hspt,SCEDC-01,4
us6000tjgp,SCEDC-01,1
us6000tl9i,PNSN-07,7
us6000tn0n,SCEDC-01,8
us6000tlw0,SCEDC-01,0
us6000ti6x,PNSN-07,14
nc75417582, PNSN-07	,15
us6000tmpu,PNSN-07,
akyfxobugv,CEA-12,9
us6000tjiq,CEA-12,8
us6000tmct, PNSN-07	,6
aka2026qqcbwo,PNSN-07,5
us6000thk4,PNSN-07,7
aka2026pplvol,PNSN-07,
nn00923660,SCEDC-01,11
aka2026pifhbx,PNSN-07,10
us6000tk3r,PNSN-07,14
tx2026pwzswu,SCEDC-01,14
us6000tizf,USGS-WEST,0
us6000tk14,PNSN-07,14
us6000tjp5, PNSN-07	,4
us6000timv,PNSN-07,9
us6000tjp8,PNSN-07,2
aki8qlhbia, PNSN-07	,null
us6000tkvp,CEA-12,7
us6000tmnz,SCEDC-01,N/A
aka2026puuuog,CEA-12,12
nc75410402,USGS-WEST,0
us6000tjpq,SCEDC-01,9
pr71528818, PNSN-07	,4
us6000tj0g,PNSN-07,11
aka2026qbavul,SCEDC-01,14
nn00922819,SCEDC-01,8
aka2026qrpslf,SCEDC-01,2
tx2026ozygak,USGS-WEST,5
ci9brblrtvwa,SCEDC-01,null
us6000tm5y,SCEDC-01,7
us6000ti0y,CEA-12,15
us6000tmx1, PNSN-07	,2
us6000tl1s,SCEDC-01,2
nc75414402,SCEDC-01,N/A
us6000tjyi,USGS-WEST,7
ci40674370,USGS-WEST,1
us6000tipf,PNSN-07,3
ci41533512,SCEDC-01,3
akdpff5e8i, PNSN-07	,8
us25hbpkt9a, PNSN-07	,2
us6000til7,PNSN-07,3
us6000tkkg,SCEDC-01,5
us6000tjjb,SCEDC-01,null
aka2026ppmvcv,USGS-WEST,14
us6000tmiz,SCEDC-01,8
aka2026qildly,CEA-12,6
us6000tn41, PNSN-07	,8
aka2026qqagal,PNSN-07,13
us2ciepxxycj,PNSN-07,N/A
aka2026pnbrha,SCEDC-01,14
us6000thrj, PNSN-07	,15
pr71527053, PNSN-07	,11
ak088o5or15,SCEDC-01,N/A
uu80149666,PNSN-07,
akz2yvl55x7,CEA-12,0
us6000tmlk,CEA-12,7
ciifsu0lmi8, PNSN-07	,0
nnqxzxczd9,CEA-12,15
usd0015e7e,PNSN-07,5
us6000tikr,SCEDC-01,15
us6000tjfb,SCEDC-01,7
us6000tk1x, PNSN-07	,
nnkfs6vfptom,PNSN-07,13
us6000thr3,SCEDC-01,0
us6000thxu,SCEDC-01,15
us6000tl2t,PNSN-07,0
us6000tkcj,USGS-WEST,2
us6000tl4w,SCEDC-01, 15 
us6000tjnh,USGS-WEST,14
us6000ti7f,PNSN-07,5
us6000tlkr,CEA-12,15
us6000thvx,CEA-12,7
aka2026qjqeaw,USGS-WEST,null
pr71527538,SCEDC-01,13
pr2026233000,USGS-WEST,15
nndantniqsuh,CEA-12,6
us6000tlq8,PNSN-07,N/A
nc75415107,CEA-12,0
aka2026ppjjhd,SCEDC-01,9
us6000tn2j, PNSN-07	,1
us6000tim0,USGS-WEST,8
us6000tjqv,CEA-12,5
aka2026qcnwxu, PNSN-07	,1
us6000tjn4,USGS-WEST,N/A
ci41534880,PNSN-07,7
aka2026qsxzcf,USGS-WEST,11
us6000tjsr, PNSN-07	,8
pr2026219001, PNSN-07	,3
aka2026pdoaig,SCEDC-01,14
aka2026pijgmj,PNSN-07,3
us6000timw, PNSN-07	,3
aka2026ppuhsz,PNSN-07,3
aka2026pqcqru,PNSN-07,6
aka2026pjkpju,CEA-12,9
us6000ti7x, PNSN-07	,15
uwpcf07uqnup,PNSN-07,4
us6000tk5j,USGS-WEST,N/A
us6000tjfv,SCEDC-01,13
us6000thdk,PNSN-07,7
cimu46jd2gvf,SCEDC-01,10
uw1z7fztvo,CEA-12,2
us6000tlxm,SCEDC-01,11
aka2026qoynpe,CEA-12,4
us6000tmi4, PNSN-07	,13
nc75411492,CEA-12,13
akx39ifetz47,SCEDC-01,14
aka2026pttrrx, PNSN-07	,11
uwtzr6852fc,SCEDC-01,4
us6000thl6, PNSN-07	,null
pr2026234000,SCEDC-01,5
us6000tmzw,SCEDC-01,1
usw9xhro19,CEA-12,1
us6000tmtm, PNSN-07	,9
nm60626196, PNSN-07	,9
us6000tizg,USGS-WEST,null
us6000thpt, PNSN-07	,4
ncxx2ei7xzu,SCEDC-01,6
us6000tj0i, PNSN-07	,14
us6000tina,SCEDC-01,6
aka2026qioxsy,PNSN-07,1
us6000tke7,SCEDC-01,4
us6000tlre, PNSN-07	,9
pr71527063, PNSN-07	,9
us6000tjae,CEA-12, 0 
nc75411307, PNSN-07	,8
aka2026ppubez,USGS-WEST,13
aka2026qdgwlf,PNSN-07,1
us6000tlnr,USGS-WEST,
us6000tj02,SCEDC-01,9
us2fuwe98stk,PNSN-07,14
aka2026ppnzyf,CEA-12,7
us6000tmgm,USGS-WEST,4
us6000tij5, PNSN-07	, 7 
us6000tk46, PNSN-07	,6
aka2026qfdpnd,USGS-WEST,0
aki5gas442vl,SCEDC-01,0
us6000tllw,CEA-12,15
us6000tlxz,PNSN-07,11
uwsn1u322n6,SCEDC-01,12
ak687cviyj, PNSN-07	,15
nc75412297,SCEDC-01,15
us6000tjpr,SCEDC-01,N/A
pr2026219000,SCEDC-01, 14 
uwojrjedkts2, PNSN-07	,3
aka2026qsrzue,SCEDC-01,N/A
us6000tluu, PNSN-07	,11
usd0015ebh,PNSN-07,null
us6000timi, PNSN-07	,N/A
pr71529478,PNSN-07,11
us6000tk57,USGS-WEST,9
nc75418367,PNSN-07, 4 
us6000thrb,SCEDC-01,1
aka2026pfxhre,USGS-WEST,9
us6000tkr4,SCEDC-01,null
pr2026221000,PNSN-07,1
us6000tmds, PNSN-07	,9
us6000tilp,USGS-WEST,12
aka2026ppovto, PNSN-07	,4
aka2026ppcmpm, PNSN-07	,14
ci431rupfr2p,SCEDC-01,4
akr9a7mfp05,USGS-WEST,2
nc75409587, PNSN-07	,13
us6000tkc9,SCEDC-01,10
pr2026216003,SCEDC-01,8
aka2026polazi,CEA-12,0
us6000tjgr,USGS-WEST,3
us6000tkql,PNSN-07,6
nc75418722, PNSN-07	,1
aka2026qasdnc, PNSN-07	,6
us6000tiw5, PNSN-07	, 0 
nct4bxvh0tb4,CEA-12,0
us6000tjx1,CEA-12,7
us6000tml0, PNSN-07	, 14 
us6000tj2u, PNSN-07	,10
usukztv6685,PNSN-07,15
us6000tjbr,PNSN-07,10
uscp4e30my,SCEDC-01,0
us6000tll5,USGS-WEST,12
usd0015edb,PNSN-07,3
nc75424037,USGS-WEST,4
us6000tkvd,PNSN-07,4
us6000tkkb,SCEDC-01,null
usd0015edx,CEA-12,0
us6000tjrp,USGS-WEST,N/A
us6000tin9,SCEDC-01,10
aka2026pcjfnm,PNSN-07,1
aka2026phdscb, PNSN-07	,7
us6000tj5r, PNSN-07	,12
us6000tlm3,USGS-WEST,1
us6000tigt, PNSN-07	,
aka2026qrdoey,SCEDC-01,7
uw1liy8o69w,PNSN-07,8
us6000tjp9, PNSN-07	,3
us6000thjs, PNSN-07	,4
us6000tk9v,SCEDC-01, 14 
us6000tl2p,CEA-12,4
pr71529443,CEA-12,7
nc75420487,SCEDC-01,0
us6000tj42, PNSN-07	,9
aka2026qncylv,CEA-12,0
hv75018421,USGS-WEST,8
us6000tkf5,SCEDC-01,11
us6000tmn5,CEA-12, 9 
aka2026pigzdk, PNSN-07	,2
nnzt3edk20,SCEDC-01,3
us6000tml1, PNSN-07	,8
aka2026qdkaum,CEA-12,10
usd0015e7j,USGS-WEST,8
us6000tkqg,SCEDC-01,8
ncxi9d99vh0w,USGS-WEST,10
us6000tj53, PNSN-07	,N/A
ci40667530,PNSN-07,
pr71528033,CEA-12,13
us6000tjri,SCEDC-01,12
pr71527713,PNSN-07,0
tx2026ozyipl,SCEDC-01,3
us6000timl,SCEDC-01,11
pr71529018,PNSN-07,3
us6000tinj,CEA-12,
usd0015eb2,USGS-WEST,11
usd0015e7q, PNSN-07	,9
us6000tjcr,CEA-12,7
us6000tj22,USGS-WEST,1
aka2026qhvavz, PNSN-07	,0
us6000tk52,PNSN-07,8
ci40672930,SCEDC-01,5
us6000tluz, PNSN-07	,N/A
us6000tkp1,PNSN-07,4
pr71528048, PNSN-07	,7
us6000thw2,USGS-WEST,6
us6000tku6,PNSN-07,8
us6000tjnk,SCEDC-01,0
us6000tkqk,PNSN-07,10
us6000tiqu,SCEDC-01, 8 
us6000ti1d,SCEDC-01,15
us6000thgp,PNSN-07,0
us6000tmx3, PNSN-07	,14
us6000tj9c,SCEDC-01,6
us6000tjmu, PNSN-07	,0
us6000tjjz,CEA-12,13
tx2026pehrsv,CEA-12,6
us6000ti6f,USGS-WEST,2
usk2c0xp2s,PNSN-07,0
aka2026pkjzwf,PNSN-07,10
us6000tj50,CEA-12,3
us6000tmte,USGS-WEST,1
hv75019212, PNSN-07	,7
us6000tkvj, PNSN-07	,14
nnnvjuuwzix,SCEDC-01,
uwmqc1a78mx,PNSN-07,12
aka2026powmkf,PNSN-07,0
us6000thkg,PNSN-07,9
us6000tlxq,SCEDC-01,
uslta8ircd9, PNSN-07	,1
usd0015e9a,SCEDC-01,0
aka2026qatefc,CEA-12,0
us6000tilt,SCEDC-01,13
us6000tin1, PNSN-07	,3
aka2026pldnws,PNSN-07,14
us6000tkrg, PNSN-07	,
aka2026pleizn, PNSN-07	,2
ak3rtqohmuh,CEA-12,4
ncjpgjqmljel,USGS-WEST,11
aka2026ppjazs, PNSN-07	,14
us6000tlzs,CEA-12,null
aka2026qpzhrv, PNSN-07	,13
usd0015ecj,USGS-WEST,9
us6000tjzi, PNSN-07	,null
usd0015eab, PNSN-07	,10
us6000tjj9,PNSN-07, 4 
us6000tjw4, PNSN-07	,1
us6000tn78,CEA-12,6
aka2026qdxfcm,CEA-12,2
aka2026qqpfaq,SCEDC-01,14
akesprvu8fi,USGS-WEST,10
pr71527373,SCEDC-01,10
us6000tic4,SCEDC-01,1
us49kq71n8mt,PNSN-07,7
us6000tmzy,SCEDC-01,6
pr71527638,USGS-WEST,12
us6000tmdn,CEA-12,0
nn00923683,PNSN-07,
aka2026qgodma,CEA-12,9
aka2026qefkgq, PNSN-07	,
aka2026qssltt,CEA-12,6
us6000ti81,CEA-12,8
us6000tk4s,USGS-WEST,7
us6000thym,PNSN-07,5
us6000tn0a,PNSN-07,0
aka2026qlvebe,CEA-12,12
us6000tirg,PNSN-07,10
us6000tllu,USGS-WEST,14
us6000tl9a,USGS-WEST,5
us6000tltj, PNSN-07	,13
ci40671666,PNSN-07,N/A
us6000tkex,CEA-12,6
uslr3pe29gd,USGS-WEST,10
us6000tmj9,CEA-12,1
us6000tk4d, PNSN-07	,6
us6000tj60,USGS-WEST,4
us6000tjkl,PNSN-07,8
us6000tixr, PNSN-07	,15
us6000thm7,PNSN-07,15
aka2026phaxjo, PNSN-07	,2
us6000tje3,SCEDC-01,11
akzbuk3xf1,SCEDC-01,5
us6000tn1v,USGS-WEST,15
aka2026qtonse,SCEDC-01,15
usd0015ebc,SCEDC-01,1
us6000tin0,CEA-12,14
us6000tmbt,SCEDC-01,6
us6000tjn5,SCEDC-01,5
aka2026pvduzh,USGS-WEST,8
cid6fleepz,CEA-12,2
us6000tlq9, PNSN-07	,11
akecbpmbjp,PNSN-07,14
us6000tkj4,USGS-WEST,13
nnyvb5ul5nwq,SCEDC-01,13
us6000tm1g,SCEDC-01,10
aka2026pnypds,PNSN-07,5
us6000thyi,USGS-WEST,2
us6000tiyd,PNSN-07,9
ci41532240, PNSN-07	,2
us6000tk55,CEA-12,null
us6000tk6r,PNSN-07,6
us6000tjw0,USGS-WEST,8
us6000tk33,USGS-WEST,6
nn00923208,CEA-12,null
aka2026pthmbu,USGS-WEST,11
uwyxqbwewpgv,SCEDC-01,12
us6000tirb,PNSN-07,15
uszejbf7ny,CEA-12,12
us6000tm0u,CEA-12,15
aka2026qhylnk, PNSN-07	,14
us6000tjtz,SCEDC-01,10
us6000tky5,USGS-WEST,6
aka2026qrszer,SCEDC-01,6
us6000tjsm, PNSN-07	,0
us6000tmri, PNSN-07	,4
aka2026qpttof,PNSN-07,15
us6000tjqe,USGS-WEST,10
aka2026qpglhf,SCEDC-01,12
us6000tixx, PNSN-07	,9
us6000tkg4,PNSN-07,1
aka2026ptbkif,CEA-12,10
aka2026qqunxm, PNSN-07	,12
aka2026qoqwmh,CEA-12,0
us6000tihf,CEA-12, 15 
aka2026qfrosr,SCEDC-01,
pr71526998, PNSN-07	, 5 
aka2026qtpptp,SCEDC-01,0
pr71528633,PNSN-07,12
us6000tjx7,CEA-12,9
us6000tn1z,PNSN-07, 14 
us6000tin5,PNSN-07,5
us6000tkuf,SCEDC-01,12
us6000thy2,PNSN-07,4
aka2026precdn,SCEDC-01,2
us6000tiq3,CEA-12,4
us6000tmtu,USGS-WEST,13
us6000tj4m,SCEDC-01,5
us6000tjfr,USGS-WEST,6
us6000tk51,SCEDC-01,8
aka2026ppawfh,CEA-12,0
us6000tm1e, PNSN-07	,7
us6000tjgd, PNSN-07	,15
pr71529418, PNSN-07	,1
hv75015602,USGS-WEST,14
aka2026ppdtwl,USGS-WEST,12
us6000tmeq,CEA-12,13
us6000tj9z, PNSN-07	,13
us6000tjpt,CEA-12,3
us6000tivc,PNSN-07,7
hv75019812,CEA-12,8
ncgdzvgpmm82, PNSN-07	,9
aka2026qlrlhg,PNSN-07,6
hv75016896,SCEDC-01,3
us6000tj6u,PNSN-07,3
ci5j284wv98y,USGS-WEST,13
us6000tn6h,USGS-WEST,6
us6000tluk,SCEDC-01,0
us6000tj2p,SCEDC-01,10
pr71527698,CEA-12,null
aka2026qgwiqw,PNSN-07,4
us6000tk8y,SCEDC-01,15
pr71527803,PNSN-07,7
us6000tmta,SCEDC-01,4
us6000tmnq,USGS-WEST,5
aka2026pmclyr,PNSN-07,3
us6000tmnw,PNSN-07,12
us6000tl70,PNSN-07,8
pr71527163,USGS-WEST,5
us6000tjna,PNSN-07,6
nn1tdgnnqfk,PNSN-07,3
us6000tj6r,USGS-WEST,
us6000tmkv,PNSN-07,12
us6000ticn,CEA-12,11
us6000thhj,CEA-12,
us6000tiyf,PNSN-07,10
nc75419292,PNSN-07,7
us6000tilu,PNSN-07,5
usd0015ecf,PNSN-07,13
us6000ti1f,USGS-WEST,10
aka2026pocpyi,CEA-12,6
us6000tih6,SCEDC-01,N/A
us6000tjgq,PNSN-07,11
us6000tiwj,PNSN-07,12
us6000thps,PNSN-07,12
us6000tjqj,CEA-12,2
pr71528198,USGS-WEST,N/A
us6000tjp7,SCEDC-01,9
us6000thid,SCEDC-01,3
us6000tjga, PNSN-07	,5
us6000tlxr,PNSN-07,10
nc75414312,SCEDC-01,4
us6000tm16,USGS-WEST,
aka2026qfqrdq, PNSN-07	,14
usd0015ebj,CEA-12,0
us6000ti86, PNSN-07	,3
us6000tk6w,SCEDC-01,7
uswomqigct2c,PNSN-07,4
ncv8yu58ce,USGS-WEST,6
aka2026qlnvqp,CEA-12,1
us6000thra, PNSN-07	,14
us6000tkta,USGS-WEST,4
us6000thfh,PNSN-07,13
pr71527173,USGS-WEST,0
nc75413967,USGS-WEST,10
aka2026pgfxdj, PNSN-07	,1
nnj0je4qvz,CEA-12,7
us6000tlss,SCEDC-01,10
us6000tkuv,PNSN-07,2
aka2026pralmq,PNSN-07,N/A
us6000tmmf,CEA-12, 4 
us6000thx7, PNSN-07	,6
us6000tmt8,PNSN-07,13
pr71528708,USGS-WEST,5
us6000thqm,CEA-12,13
us6000tka7,CEA-12,9
us6000thzg,SCEDC-01,6
us6000tl3n,SCEDC-01,2
aka2026qsyeyt,USGS-WEST,12
us6000tiif,SCEDC-01,14
ak670kmiqd4, PNSN-07	,13
us6000tj3c,SCEDC-01,0
us6000tkvg,SCEDC-01,2
aka2026pzswoc,USGS-WEST,4
us6000tl2u,CEA-12,8
us6000tihv,USGS-WEST,14
us6000tjj6, PNSN-07	,N/A
ci40674002,SCEDC-01,6
nc75416217,CEA-12, 0 
aka2026qdbuhc,USGS-WEST,15
aka2026qtiqeg,SCEDC-01,12
aka2026qdtkba,USGS-WEST,12
pr2026226000, PNSN-07	,2
nc1rdezx6kb,PNSN-07,3
us6000tlz6, PNSN-07	,5
aka2026qhutkf,SCEDC-01,8
us6000tmd6,USGS-WEST,15
us6000thwz,USGS-WEST,1
us6000tjwd,SCEDC-01,7
us6000tmfc,PNSN-07,11
aka2026qaaaug,PNSN-07,4
us6000tj73,SCEDC-01,4
aka2026pssyoy, PNSN-07	,
us6000tkfr,SCEDC-01,12
us6000tj20,PNSN-07,6
us6000tjp3,CEA-12,13
nc75420662,USGS-WEST,12
us6000tlkt,SCEDC-01, 2 
us6000tihd,USGS-WEST,4
us6000thxw,CEA-12,12
us6000tik6,PNSN-07,5
us6000tkwd,PNSN-07,0
us8t7a9tgiq, PNSN-07	,13
us6000tkic,SCEDC-01,5
us6000thk5,CEA-12,4
us6000tn37,CEA-12,3
ncrdw6et32c,CEA-12,5
us6000tinc,CEA-12,6
us6000tl4c,SCEDC-01,14
us6000ti0r, PNSN-07	,3
aka2026prkwlx,CEA-12,2
pr71527088,SCEDC-01,3
us6000tls8,USGS-WEST,0
us6000tkmr,SCEDC-01,15
aka2026qlxomk,PNSN-07,
nclmn4r7sgms, PNSN-07	, 1 
us6000tlm1,PNSN-07,12
us6000tl1p,USGS-WEST,15
hv75015317,USGS-WEST,13
us6000tj8n,USGS-WEST,10
us6000tm1f,USGS-WEST,12
us6000tj9m,PNSN-07,11
us6000tj67,PNSN-07,0
us6000tj0y,SCEDC-01,
us6000ti40, PNSN-07	,8
pr2026221002,CEA-12,11
pr2026227000,SCEDC-01,13
pr2026225000,PNSN-07,null
aka2026qmfwlo,PNSN-07,10
us6000tiae,CEA-12,15
us6000tj4c, PNSN-07	,2
us6000tkvt,SCEDC-01,3
us6000tn4m,USGS-WEST,6
nco8pt4mx23, PNSN-07	,
us6000tkx5,USGS-WEST,14
us6000thi4,SCEDC-01,3
aka2026qhtscl, PNSN-07	,7
aka2026pppqha,CEA-12,
usayq3s195j,CEA-12,10
nc75415712,USGS-WEST,7
ushw1hs57tco,SCEDC-01,3
us6000tmzd, PNSN-07	,null
nn00923438,CEA-12,2
uwc1b3eu1z0,SCEDC-01,12
aka2026ptjfuv, PNSN-07	,13
pr71528918,CEA-12,
us6000tmz6,PNSN-07,2
us6000thlj, PNSN-07	,6
pr71527038,PNSN-07,null
us6000tj4f,SCEDC-01,0
us6000tmi2, PNSN-07	,6
us6000tiie,SCEDC-01,10
us6000thzy,CEA-12,
us6000tmmw, PNSN-07	,14
us6000tils,USGS-WEST,7
us6000tmtp,SCEDC-01,4
aka2026piikvw,CEA-12,1
us6000tkya,USGS-WEST,3
aka2026qasret, PNSN-07	,15
us6000tl7g,CEA-12,15
us6000thhe,SCEDC-01,1
us6000tljs,USGS-WEST,4
nc75411117,CEA-12,7
us6000tjc0,PNSN-07,5
uw714074012,SCEDC-01,9
us6000tj1e,CEA-12,0
us6000tjv5,USGS-WEST,13
us6000tlt1,USGS-WEST,12
us6000tiwd, PNSN-07	,9
aka2026qtmvkv,CEA-12,null
us9totsn5u4, PNSN-07	,1
us6000thf5,USGS-WEST,14
us6000thxj, PNSN-07	,4
cigup3hr2pjg,SCEDC-01,9
mb90204648,CEA-12,6
us6000thmd,CEA-12,0
us6000tkkw, PNSN-07	,3
nc75415272,CEA-12,12
us6000tmcf,SCEDC-01,5
nc75423267,PNSN-07,11
usd0015eaf,CEA-12, 1 
us6000ti4p,USGS-WEST,13
usd0015eaz,SCEDC-01,N/A
uu80147521,SCEDC-01,15
us6000tizu, PNSN-07	,5
aka2026qqjxri,SCEDC-01,2
usd0015e7k,SCEDC-01,8
aka2026qeguys,SCEDC-01,
us6000tif5,PNSN-07,3
us6000thjm, PNSN-07	, 7 
us6000ti80, PNSN-07	,15
aka2026qmcgdw,PNSN-07,5
us6000tm08,SCEDC-01,9
aka2026qcrrax,PNSN-07, 10 
aka2026pfpjlo,CEA-12,12
